id,firstname,lastname,email,profession
100,Rani,Merell,Rani.Merell@yopmail.com,firefighter
101,Goldie,Dex,Goldie.Dex@yopmail.com,developer
102,Cristabel,Munn,Cristabel.Munn@yopmail.com,developer
103,Genevra,Strephon,Genevra.Strephon@yopmail.com,firefighter
104,Augustine,Thema,Augustine.Thema@yopmail.com,doctor
105,Jemie,Gombach,Jemie.Gombach@yopmail.com,police officer
106,Maye,Stuart,Maye.Stuart@yopmail.com,developer
107,Ayn,Carmena,Ayn.Carmena@yopmail.com,worker
108,Gale,Celestine,Gale.Celestine@yopmail.com,doctor
109,Alex,Jerold,Alex.Jerold@yopmail.com,firefighter
110,Violet,Giule,Violet.Giule@yopmail.com,firefighter
111,Starla,Uird,Starla.Uird@yopmail.com,doctor
112,Tarra,Pelagias,Tarra.Pelagias@yopmail.com,police officer
113,Eugine,Deny,Eugine.Deny@yopmail.com,doctor
114,Shirlee,Ricarda,Shirlee.Ricarda@yopmail.com,doctor
115,Ariela,Penelopa,Ariela.Penelopa@yopmail.com,worker
116,Lelah,Astra,Lelah.Astra@yopmail.com,police officer
117,Debee,Deegan,Debee.Deegan@yopmail.com,developer
118,Pollyanna,Euridice,Pollyanna.Euridice@yopmail.com,worker
119,Cathie,Halsey,Cathie.Halsey@yopmail.com,firefighter
120,Rebeca,Quinn,Rebeca.Quinn@yopmail.com,doctor
121,Paulita,Arquit,Paulita.Arquit@yopmail.com,police officer
122,Rebeca,Emanuel,Rebeca.Emanuel@yopmail.com,firefighter
123,Tera,Ilka,Tera.Ilka@yopmail.com,firefighter
124,Orsola,Briney,Orsola.Briney@yopmail.com,doctor
125,Paulita,Wyn,Paulita.Wyn@yopmail.com,doctor
126,Constance,Christine,Constance.Christine@yopmail.com,firefighter
127,Claresta,Kinnard,Claresta.Kinnard@yopmail.com,developer
128,Leanna,Mendez,Leanna.Mendez@yopmail.com,developer
129,Corina,Chabot,Corina.Chabot@yopmail.com,developer
130,Romona,Audly,Romona.Audly@yopmail.com,worker
131,Cordi,Lynn,Cordi.Lynn@yopmail.com,firefighter
132,Sheree,Tyson,Sheree.Tyson@yopmail.com,worker
133,Jinny,Bevin,Jinny.Bevin@yopmail.com,police officer
134,Kassey,Havens,Kassey.Havens@yopmail.com,firefighter
135,Wanda,Thema,Wanda.Thema@yopmail.com,developer
136,Vita,Jagir,Vita.Jagir@yopmail.com,developer
137,Alie,Aprile,Alie.Aprile@yopmail.com,firefighter
138,Modestia,Jena,Modestia.Jena@yopmail.com,doctor
139,Cyndie,Pelagias,Cyndie.Pelagias@yopmail.com,worker
140,Ariela,Lilybelle,Ariela.Lilybelle@yopmail.com,firefighter
141,Jan,Parette,Jan.Parette@yopmail.com,firefighter
142,Merry,Horan,Merry.Horan@yopmail.com,developer
143,Katuscha,Candy,Katuscha.Candy@yopmail.com,police officer
144,Kerrin,Heisel,Kerrin.Heisel@yopmail.com,developer
145,Nollie,Magdalen,Nollie.Magdalen@yopmail.com,doctor
146,Karlee,Gordon,Karlee.Gordon@yopmail.com,developer
147,Dolli,Fadiman,Dolli.Fadiman@yopmail.com,firefighter
148,Leontine,Delp,Leontine.Delp@yopmail.com,worker
149,Ricky,Nadia,Ricky.Nadia@yopmail.com,doctor
